{"cameraMode":{"drawMode":0,"name":"Shaded","section":"Shading Mode"},"sceneLighting":false,"audioPlay":false,"sceneViewState":{"showFog":true,"showMaterialUpdate":false,"showSkybox":true,"showFlares":true,"showImageEffects":true,"showParticleSystems":true},"in2DMode":false,"pivot":{"x":384.2518615722656,"y":247.99761962890626,"z":-418.2326354980469},"rotation":{"x":0.016492553055286409,"y":-0.028492268174886705,"z":0.0004701651632785797,"w":0.9994578957557678},"size":34.67320251464844,"orthographic":false}