{"cameraMode":{"drawMode":0,"name":"Shaded","section":"Shading Mode"},"sceneLighting":false,"audioPlay":false,"sceneViewState":{"showFog":true,"showMaterialUpdate":false,"showSkybox":true,"showFlares":true,"showImageEffects":true,"showParticleSystems":true},"in2DMode":false,"pivot":{"x":272.2274475097656,"y":-298.3642272949219,"z":0.8848485946655273},"rotation":{"x":-0.022718114778399469,"y":0.9388237595558167,"z":-0.08304107934236527,"w":-0.3334636092185974},"size":22.056289672851564,"orthographic":false}